Temp,RPM,pH,Replicate,GrowthCurves,RI,Rate,SacrificeOD,GDGT.0,GDGT.1,GDGT.2,GDGT.3,GDGT.3.iso,GDGT.4,GDGT.4.iso,GDGT.5,GDGT.5.iso,GDGT.6,GDGT.7,GDGT.8,Sampler,GDGT.0.Normalized,GDGT.1.Normalized,GDGT.2.Normalized,GDGT.3.Normalized,GDGT.3.iso.Normalized,GDGT.4.Normalized,GDGT.4.iso.Normalized,GDGT.5.Normalized,GDGT.5.iso.Normalized,GDGT.6.Normalized,GDGT.7.Normalized,GDGT.8.Normalized
70,200,2,1,"list(1523629200, 1523649300, 1523667240, 1523689440, 1523709960, 1523727300, 1523744220, 1523778060, 1523802000, 1523834400, 1523878560, 1523914380, 1523964480, 1523979300) / list(0.013, 0.023, 0.047, 0.09, 0.071, 0.119, 0.14, 0.233, 0.339, 0.532, 0.568, 0.636, 0.739, 0.749)",3.32,0.07182339,0.749,150781.4678,662124.4009,2917784.902,2505011,941240,1015746,1805396,1464266,549868,865876.4625,5806.296799,0,ABC,0.011703092,0.051391611,0.226467512,0.194429551,0.073055516,0.078838392,0.140128061,0.113650831,0.04267869,0.067206081,0.000450663,0
70,200,2,2,"list(1523629200, 1523649300, 1523667240, 1523689440, 1523709960, 1523727300, 1523744220, 1523778060, 1523802000, 1523834400, 1523878560, 1523914380, 1523964480, 1523979300) / list(0.016, 0.021, 0.042, 0.083, 0.068, 0.115, 0.133, 0.242, 0.356, 0.531, 0.588, 0.639, 0.724, 0.655)",3.32,0.067865716,0.655,172646.0882,750071.3388,3381807.806,2851963,1068550,1068428,2099782,1545139,598857,886325.8865,5167.544411,0,ABC,0.011965433,0.051984543,0.234380019,0.197658525,0.074057068,0.074048612,0.145527769,0.107087608,0.041504462,0.061427819,0.000358143,0
70,200,2,3,"list(1523629200, 1523649300, 1523667240, 1523689440, 1523709960, 1523727300, 1523744220, 1523778060, 1523802000, 1523834400, 1523878560, 1523914380, 1523964480, 1523979300) / list(0.013, 0.021, 0.043, 0.086, 0.067, 0.113, 0.132, 0.235, 0.342, 0.501, 0.585, 0.637, 0.736, 0.691)",3.31,0.071389101,0.691,273572.0737,1139970.409,4492237.878,3665824,1314788,1590691,2629524,2146968,745855,1196914.424,7685.338085,0,ABC,0.014245555,0.059360999,0.233921622,0.190888265,0.068464171,0.082831103,0.136925634,0.111797783,0.038838462,0.062326211,0.000400194,0
70,200,2,4,"list(1523629200, 1523649300, 1523667240, 1523689440, 1523709960, 1523727300, 1523744220, 1523778060, 1523802000, 1523834400, 1523878560, 1523914380, 1523964480, 1523979300) / list(0.014, 0.023, 0.043, 0.076, 0.0059, 0.114, 0.138, 0.243, 0.342, 0.507, 0.614, 0.638, 0.727, 0.72)",3.47,0.075884141,0.72,186127.2209,790974.7702,3501714.829,3276606,1060588,1505103,2456473,2262575,682912,1273597.427,9012.718054,0,ABC,0.010945001,0.046512376,0.205914378,0.192677108,0.062366677,0.088505879,0.144450115,0.133048162,0.040157867,0.074892455,0.000529983,0
70,200,2,5,"list(1523629200, 1523649300, 1523667240, 1523689440, 1523709960, 1523727300, 1523744220, 1523778060, 1523802000, 1523834400, 1523878560, 1523914380, 1523964480, 1523979300) / list(0.01, 0.019, 0.041, 0.082, 0.068, 0.119, 0.144, 0.259, 0.373, 0.552, 0.614, 0.646, 0.746, 0.722)",3.35,0.080750132,0.722,21778.56201,97821.08272,471746.7272,405751,137328,171763,273072,237637,80514,125443.2307,769.2403469,0,ABC,0.010762159,0.048339558,0.233119771,0.200507126,0.067862414,0.084878917,0.134942075,0.117431409,0.039787039,0.061989401,0.00038013,0
65,200,3,1,"list(1507801380, 1507827900, 1507853700, 1507884972, 1507940820, 1507973340, 1508001633, 1508025960, 1508058300, 1508087340, 1508111880, 1508147040, 1508172954, 1508200687, 1508230440, 1508258040, 1508286840, 1508317043, 1508345558, 1508373234, 1508403318, 1508429167) / list(0.011, 0.0214, 0.0218, 0.0484, 0.1344, 0.2008, 0.337, 0.4338, 0.5308, 0.6698, 0.7574, 0.8726, 0.9982, 1.016, 1.0454, 1.0562, 1.0716, 1.1908, 1.2142, 1.2048, 1.2818, 1.2698)",3.615666576,0.056778166,1.2698,5001,20476,136170,312113,0,898780,0,68975,0,2183,188,11,ABC,0.003463543,0.014181067,0.094307281,0.216160155,0,0.622468223,0,0.047770028,0,0.001511881,0.000130203,7.61827E-06
65,200,3,2,"list(1507801380, 1507827900, 1507853700, 1507884972, 1507940820, 1507973340, 1508001633, 1508025960, 1508058300, 1508087340, 1508111880, 1508147040, 1508172954, 1508200687, 1508230440, 1508258040, 1508286840, 1508317043, 1508345558, 1508373234, 1508403318, 1508429167) / list(0.0038, 0.023, 0.0196, 0.049, 0.1238, 0.1812, 0.293, 0.388, 0.4858, 0.64, 0.7698, 0.9178, 1.0466, 1.0624, 1.0874, 1.0994, 1.1328, 1.2416, 1.2852, 1.3404, 1.4396, 1.51)",3.59004278,0.066060547,1.51,30833,157489,993809,2249076,0,7569097,0,1096321,0,37317,239,51,ABC,0.002540993,0.012978901,0.081901269,0.185349678,0,0.623780475,0,0.090349435,0,0.003075349,1.96963E-05,4.20299E-06
65,200,3,3,"list(1507801380, 1507827900, 1507853700, 1507884972, 1507940820, 1507973340, 1508001633, 1508025960, 1508058300, 1508087340, 1508111880, 1508147040, 1508172954, 1508200687, 1508230440, 1508258040, 1508286840, 1508317043, 1508345558, 1508373234, 1508403318, 1508429167) / list(0.0144, 0.0214, 0.0192, 0.0472, 0.1246, 0.177, 0.2798, 0.3764, 0.4682, 0.6038, 0.6836, 0.7922, 0.9018, 0.9296, 1.0364, 1.0482, 1.0498, 1.152, 1.145, 1.1666, 1.2024, 1.2282)",3.698323141,0.055461869,1.2282,27128,134956,934290,1964159,0,4709480,0,557824,0,19373,209,28,ABC,0.003249856,0.016167338,0.111925239,0.235300566,0,0.564182079,0,0.066825701,0,0.002320829,2.50376E-05,3.35432E-06
65,200,3,4,"list(1507801380, 1507827900, 1507853700, 1507884972, 1507940820, 1507973340, 1508001633, 1508025960, 1508058300, 1508087340, 1508111880, 1508147040, 1508172954, 1508200687, 1508230440, 1508258040, 1508286840, 1508317043, 1508345558, 1508373234, 1508403318, 1508429167) / list(0.0098, 0.0262, 0.0304, 0.0508, 0.1404, 0.2092, 0.323, 0.413, 0.5256, 0.6738, 0.783, 0.9198, 1.0234, 1.012, 1.0418, 1.0652, 1.05, 1.1894, 1.2346, 1.2804, 1.369, 1.391)",3.550903408,0.054600427,1.391,34479,172612,1214481,2666781,0,7020725,0,910327,0,30689,171,46,ABC,0.002861254,0.014324278,0.100784204,0.221303915,0,0.582617743,0,0.075543859,0,0.002546739,1.41905E-05,3.81733E-06
65,200,3,5,"list(1507801380, 1507827900, 1507853700, 1507884972, 1507940820, 1507973340, 1508001633, 1508025960, 1508058300, 1508087340, 1508111880, 1508147040, 1508172954, 1508200687, 1508230440, 1508258040, 1508286840, 1508317043, 1508345558, 1508373234, 1508403318, 1508429167) / list(0.005, 0.022, 0.0226, 0.0452, 0.1198, 0.1816, 0.2802, 0.368, 0.4856, 0.607, 0.7162, 0.8472, 0.9886, 0.9998, 1.0522, 1.0274, 1.0554, 1.1676, 1.223, 1.2428, 1.361, 1.4294)",3.603405008,0.062839594,1.4294,33739,184389,1325276,2823354,0,7211353,0,1003741,0,34180,376,47,ABC,0.002674206,0.014614961,0.105043453,0.223783464,0,0.571583143,0,0.079558085,0,0.00270916,2.98023E-05,3.72529E-06
70,200,3,1,"list(1504097340, 1504128300, 1504174500, 1504206180, 1504221180, 1504257480, 1504290180, 1504310931, 1504348581, 1504379045, 1504433166, 1504462479) / list(-0.004, 0.0282, 0.1274, 0.2896, 0.413, 0.7178, 1.3494, 1.5236, 1.688, 1.774, 2.0188, 2.0494)",3.858590307,0.077288251,2.0494,15363,46249,307978,898206,0,2891564,144804,873285,0,59901,315,36,ABC,0.002933157,0.008830019,0.058800226,0.171488598,0,0.552067405,0.027646481,0.166730594,0,0.011436506,6.01409E-05,6.87324E-06
70,200,3,2,"list(1504097340, 1504128300, 1504174500, 1504206180, 1504221180, 1504257480, 1504290180, 1504310931, 1504348581, 1504379045, 1504433166, 1504462479) / list(0.0408, 0.0306, 0.1114, 0.2744, 0.4048, 0.705, 1.0818, 1.2868, 1.5566, 1.6954, 1.9188, 2.0198)",3.759480189,0.073174755,2.0198,10568,46870,315664,659648,0,2050243,118406,579010,0,0,4285,42,ABC,0.002792269,0.012383955,0.083404496,0.174291681,0,0.54171361,0.031285141,0.152985572,0,0,0.001132179,1.10972E-05
70,200,3,3,"list(1504097340, 1504128300, 1504174500, 1504206180, 1504221180, 1504257480, 1504290180, 1504310931, 1504348581, 1504379045, 1504433166, 1504462479) / list(-0.003, 0.0264, 0.1092, 0.2692, 0.4012, 0.7234, 1.0844, 1.2992, 1.6334, 1.7566, 1.9666, 2.0794)",3.66342981,0.075745893,2.0794,135507,573069,3650464,7632784,0,15359162,1336957,5229909,0,421701,2121,1584,ABC,0.003945665,0.016686507,0.106293468,0.222249852,0,0.447224955,0.038929242,0.152283426,0,0.012279004,6.17588E-05,4.61226E-05
70,200,3,4,"list(1504097340, 1504128300, 1504174500, 1504206180, 1504221180, 1504257480, 1504290180, 1504310931, 1504348581, 1504379045, 1504433166, 1504462479) / list(-0.0046, 0.0266, 0.094, 0.2208, 0.3358, 0.6364, 0.9844, 1.2868, 1.5252, 1.6136, 1.8456, 1.9282)",3.683256529,0.0759533,1.9282,10579,43699,318089,765185,0,1807020,100645,480407,0,4048,0,35,ABC,0.002997133,0.012380348,0.090117678,0.216784283,0,0.511946176,0.028513698,0.136103932,0,0.001146837,0,9.91584E-06
70,200,3,5,"list(1504097340, 1504128300, 1504174500, 1504206180, 1504221180, 1504257480, 1504290180, 1504310931, 1504348581, 1504379045, 1504433166, 1504462479) / list(-0.007, 0.0272, 0.0874, 0.179, 0.2396, 0.45, 0.678, 0.8942, 1.2698, 1.4618, 1.6662, 1.739)",3.69131328,0.067754515,1.739,73430,329163,2189922,4706823,0,11331008,488473,3500075,0,0,10897,88,ABC,0.003244825,0.014545504,0.096771264,0.207991523,0,0.500710057,0.021585312,0.154666094,0,0,0.000481532,3.88866E-06
75,200,3,1,"list(1503346740, 1503394500, 1503413460, 1503432000, 1503448140, 1503478620, 1503500773, 1503519240, 1503534780, 1503564000, 1503581640, 1503597330) / list(0.0162, 0.048, 0.1554, 0.3216, 0.4846, 0.8494, 1.1094, 1.2784, 1.4024, 1.4678, 1.5486, 1.5422)",4.144441937,0.105192297,1.5422,23530,88320,546741,773101,75910,2284711,446714,2107240,58177,472596,24127,3573,ABC,0.003407804,0.012791213,0.079183431,0.111966707,0.010993897,0.330890229,0.064696716,0.305187451,0.008425661,0.068445155,0.003494266,0.000517471
75,200,3,2,"list(1503346740, 1503394500, 1503413460, 1503432000, 1503448140, 1503478620, 1503500773, 1503519240, 1503534780, 1503564000, 1503581640, 1503597330) / list(0.032, 0.0494, 0.1346, 0.276, 0.4266, 0.75, 0.9578, 1.182, 1.3146, 1.3666, 1.457, 1.4694)",4.214593256,0.086039637,1.4694,7898,29461,190501,326785,32888,933181,140212,874784,45724,236340,11233,1777,ABC,0.00279004,0.010407364,0.067296198,0.115439751,0.011617983,0.329654612,0.049531155,0.309025344,0.016152416,0.083489238,0.003968159,0.000627741
75,200,3,3,"list(1503346740, 1503394500, 1503413460, 1503432000, 1503448140, 1503478620, 1503500773, 1503519240, 1503534780, 1503564000, 1503581640, 1503597330) / list(0.028, 0.0722, 0.1496, 0.2872, 0.465, 0.8142, 1.0522, 1.2598, 1.4078, 1.4588, 1.5656, 1.5868)",4.18477736,0.090362861,1.5868,12677,50482,287184,486718,0,1289589,222063,1292177,31870,303858,15128,2261,ABC,0.003174005,0.012639437,0.07190373,0.12186208,0,0.322881006,0.055599051,0.323528977,0.007979455,0.076078485,0.003787675,0.000566098
75,200,3,4,"list(1503346740, 1503394500, 1503413460, 1503432000, 1503448140, 1503478620, 1503500773, 1503519240, 1503534780, 1503564000, 1503581640, 1503597330) / list(0.0628, 0.0544, 0.1724, 0.3426, 0.5626, 1.0486, 1.2944, 1.414, 1.4844, 1.7202, 1.941, 2.0018)",3.509149695,0.088814278,2.0018,266386,1190945,8688426,12406069,1652931,10883641,5436918,8951970,504240,1867008,1872,1441,ABC,0.005137445,0.022968227,0.167562517,0.239259925,0.031877958,0.20989881,0.104854857,0.172645152,0.009724629,0.036006586,3.61029E-05,2.77907E-05
75,200,3,5,"list(1503346740, 1503394500, 1503413460, 1503432000, 1503448140, 1503478620, 1503500773, 1503519240, 1503534780, 1503564000, 1503581640, 1503597330) / list(0.0268, 0.0588, 0.1414, 0.2676, 0.421, 0.716, 0.9718, 1.091, 1.261, 1.3288, 1.4218, 1.4472)",4.159884424,0.090020372,1.4472,12214,45024,270903,510700,0,1362048,276912,1245583,32626,263208,17212,2258,ABC,0.003024249,0.011148175,0.067076981,0.126451957,0,0.337250117,0.068564841,0.308412782,0.008078366,0.06517166,0.00426178,0.000559092
80,200,3,1,"list(1503346800, 1503394620, 1503413520, 1503432120, 1503448200, 1503478740, 1503500862, 1503519300, 1503534900, 1503564240, 1503581760, 1503597462) / list(0.0206, 0.063, 0.2326, 0.4884, 0.7024, 1.043, 1.285, 1.3606, 1.3918, 1.4882, 1.5778, 1.669)",4.49987626,0.103028404,1.669,21121,65631,378547,524705,96390,884698,401223,2040505,196627,957954,13741,2396,ABC,0.003782727,0.011754375,0.067796977,0.09397357,0.017263248,0.158447565,0.071858202,0.365450186,0.035215485,0.171567562,0.002460984,0.000429119
80,200,3,2,"list(1503346800, 1503394620, 1503413520, 1503432120, 1503448200, 1503478740, 1503500862, 1503519300, 1503534900, 1503564240, 1503581760, 1503597462) / list(0.0078, 0.0654, 0.1958, 0.4338, 0.6328, 0.9868, 1.2366, 1.3178, 1.367, 1.247, 1.4934, 1.5748)",4.596579237,0.119884267,1.5748,5181,13529,80871,106999,20376,218012,101280,509836,50377,267808,196,399,ABC,0.003768373,0.009840246,0.058821091,0.077825152,0.014820375,0.158569866,0.073665468,0.370826496,0.036641442,0.194788721,0.00014256,0.000290211
80,200,3,3,"list(1503346800, 1503394620, 1503413520, 1503432120, 1503448200, 1503478740, 1503500862, 1503519300, 1503534900, 1503564240, 1503581760, 1503597462) / list(0.038, 0.0744, 0.2178, 0.4508, 0.63, 0.9686, 1.1896, 1.245, 1.3108, 1.4436, 1.4142, 1.5048)",4.611584145,0.088066151,1.5048,12618,33779,184794,283531,46124,464545,217324,1162982,142393,668129,8048,1549,ABC,0.003911568,0.010471459,0.05728597,0.08789435,0.014298398,0.144008524,0.067370241,0.360523353,0.044141699,0.207119377,0.002494873,0.000480189
80,200,3,4,"list(1503346800, 1503394620, 1503413520, 1503432120, 1503448200, 1503478740, 1503500862, 1503519300, 1503534900, 1503564240, 1503581760, 1503597462) / list(0.007, 0.0584, 0.1978, 0.4278, 0.5992, 1.0248, 1.1344, 1.265, 1.2992, 1.4814, 1.4074, 1.4982)",4.467807628,0.12161485,1.4982,127926,342581,1800599,2852335,433651,3891228,2447994,7923142,1393247,5217018,0,0,ABC,0.004840233,0.012961961,0.06812781,0.107921495,0.016407703,0.14722925,0.092622771,0.299781522,0.052715161,0.197392095,0,0
80,200,3,5,"list(1503346800, 1503394620, 1503413520, 1503432120, 1503448200, 1503478740, 1503500862, 1503519300, 1503534900, 1503564240, 1503581760, 1503597462) / list(0.0148, 0.0582, 0.1856, 0.4106, 0.6024, 1.0044, 1.3246, 1.5602, 1.6252, 1.672, 1.8756, 2.0166)",4.67352311,0.110119057,2.0166,65971,376533,55876,1441992,222090,2839200,1048297,4439032,443773,1992684,11452,1717,ABC,0.005098768,0.029101487,0.004318545,0.111448697,0.017164895,0.219436127,0.081020792,0.343083963,0.034298333,0.154010587,0.000885102,0.000132704
70,200,4,1,"list(1523629200, 1523649300, 1523667240, 1523689440, 1523709960, 1523727300, 1523744220, 1523778060, 1523802000, 1523834400, 1523878560, 1523914380, 1523964480) / list(0.025, 0.038, 0.066, 0.117, 0.098, 0.17, 0.218, 0.308, 0.358, 0.39, 0.44, 0.467, 0.483)",3.08,0.060263955,0.483,144496.5044,624883.1852,3632742.326,4755629.452,0,5284935.051,0,337254.9424,0,6838.784992,0,0,ABC,0.009772006,0.042259584,0.245675006,0.321613588,0,0.357409454,0,0.022807869,0,0.000462493,0,0
70,200,4,2,"list(1523629200, 1523649300, 1523667240, 1523689440, 1523709960, 1523727300, 1523744220, 1523778060, 1523802000, 1523834400, 1523878560, 1523914380, 1523964480) / list(0.021, 0.028, 0.054, 0.096, 0.077, 0.147, 0.192, 0.291, 0.351, 0.388, 0.444, 0.477, 0.504)",2.98,0.05968473,0.504,43405.31528,189063.6669,1095022.512,1324403.101,0,1341588.236,0,69467.66543,0,1594.290401,0,0,ABC,0.01067901,0.046515336,0.269408401,0.32584291,0,0.330070969,0,0.017091131,0,0.000392243,0,0
70,200,4,3,"list(1523629200, 1523649300, 1523667240, 1523689440, 1523709960, 1523727300, 1523744220, 1523778060, 1523802000, 1523834400, 1523878560, 1523914380, 1523964480) / list(0.029, 0.042, 0.072, 0.123, 0.1, 0.183, 0.231, 0.314, 0.361, 0.397, 0.434, 0.475, 0.542)",3.08,0.05775354,0.542,14071.97424,60484.27838,388824.0068,518451.5267,0,611098.5116,0,31535.13727,0,845.1556572,0,0,ABC,0.008658022,0.037213982,0.239230587,0.318986125,0,0.375988759,0,0.01940253,0,0.000519996,0,0
70,200,4,4,"list(1523629200, 1523649300, 1523667240, 1523689440, 1523709960, 1523727300, 1523744220, 1523778060, 1523802000, 1523834400, 1523878560, 1523914380, 1523964480) / list(0.023, 0.033, 0.061, 0.112, 0.09, 0.165, 0.215, 0.302, 0.352, 0.387, 0.435, 0.467, 0.479)",3.04,0.062702251,0.479,150158.2304,671830.047,3825724.292,4643261.275,0,4779593.718,0,286795.7601,0,5919.966228,0,0,ABC,0.010454311,0.046774128,0.266354441,0.323272972,0,0.332764704,0,0.019967284,0,0.00041216,0,0
70,200,4,5,"list(1523629200, 1523649300, 1523667240, 1523689440, 1523709960, 1523727300, 1523744220, 1523778060, 1523802000, 1523834400, 1523878560, 1523914380, 1523964480) / list(0.025, 0.037, 0.068, 0.125, 0.11, 0.17, 0.217, 0.308, 0.352, 0.385, 0.431, 0.447, 0.464)",2.97,0.060415195,0.464,122032.5056,556092.3875,3378996.616,4648533.723,0,5321110.122,0,325556.1029,0,5882.498789,0,0,ABC,0.008499148,0.038729941,0.235335605,0.32375454,0,0.370597196,0,0.022673874,0,0.000409696,0,0
70,0,3,1,"list(1552066200, 1552151700, 1552237800, 1552324200, 1552408800, 1552497600, 1552584000) / list(0.052, 0.074, 0.107, 0.15, 0.22, 0.267, 0.328)",2.394752354,0.014068792,NA,14398144.43,43804713.23,81278432.58,64867879.41,2998112.822,40561215.11,4510076.445,5020114.673,98014.55485,249985.3019,0,0,YZ,0.05585294,0.169926203,0.315293365,0.251633937,0.011630208,0.157344102,0.017495381,0.01947391,0.000380216,0.000969737,0,0
70,0,3,2,"list(1552066200, 1552151700, 1552237800, 1552324200, 1552408800, 1552497600, 1552584000) / list(0.051, 0.063, 0.094, 0.15, 0.232, 0.281, 0.327)",2.549569682,0.015411945,NA,8951617.293,29443440.58,65052204.69,52094393.64,3447751.949,36033032.55,4873212.902,7374883.973,145506.8854,411669.1289,0,0,YZ,0.043072298,0.14167235,0.31301025,0.250661438,0.016589472,0.173379344,0.02344833,0.035485566,0.000700132,0.001980819,0,0
70,0,3,3,"list(1552066200, 1552151700, 1552237800, 1552324200, 1552408800, 1552497600, 1552584000) / list(0.051, 0.074, 0.12, 0.182, 0.243, 0.289, 0.34)",2.37592509,0.015105925,NA,10646914.46,32570284.19,66074057.03,47286806.57,2661200.182,29340777,3249192.031,3817590.275,68872.54527,179692.6854,0,0,YZ,0.054350001,0.166263661,0.337292562,0.241388056,0.013584803,0.149777784,0.016586363,0.019487903,0.000351578,0.000917289,0,0
70,0,3,4,"list(1552066200, 1552151700, 1552237800, 1552324200, 1552408800, 1552497600, 1552584000) / list(0.052, 0.081, 0.112, 0.153, 0.224, 0.264, 0.34)",2.476133401,0.013709536,NA,8703440.516,29311486.96,64779175.97,48870231.52,2633969.913,31641193.39,3658671.785,5344948.756,99987.74166,325257.5748,0,0,YZ,0.044548873,0.1500319,0.331574543,0.250144038,0.01348207,0.161956587,0.018727043,0.027358312,0.000511791,0.001664843,0,0
70,0,3,5,"list(1552066200, 1552151700, 1552237800, 1552324200, 1552408800, 1552497600, 1552584000) / list(0.052, 0.08, 0.113, 0.184, 0.25, 0.323, 0.347)",2.564268532,0.015564213,NA,6024320.865,21627579.32,54766925.86,44713835.17,2366899.724,28350260.06,3577212.713,5123100.783,111065.8539,314259.6029,0,0,YZ,0.036079079,0.129525496,0.327993861,0.267786866,0.014175135,0.169786986,0.021423584,0.030681759,0.000665163,0.001882071,0,0
70,50,3,1,"list(1554563220, 1554649680, 1554735780, 1554822360, 1554910920, 1554994980) / list(0.05, 0.08, 0.13, 0.183, 0.222, 0.234)",2.073352261,0.013219098,NA,18650769.25,49588248.87,79518048.99,51016598.76,2691154.626,20630259.61,2022771.451,1334874.604,41142.1898,73448.5298,0,0,YZ,0.082683828,0.219837916,0.352524692,0.226170172,0.011930605,0.091459436,0.008967485,0.005917855,0.000182394,0.000325617,0,0
70,50,3,2,"list(1554563220, 1554649680, 1554735780, 1554822360, 1554910920, 1554994980) / list(0.047, 0.081, 0.127, 0.173, 0.211, 0.218)",1.986409168,0.012901594,NA,19642522.88,50643947.14,76024286.07,44502855.56,2324856.293,16446407.84,1833758.022,1101031.673,37349.17519,59044.39293,0,0,YZ,0.092384945,0.238194365,0.357566058,0.209310885,0.010934528,0.077352614,0.008624739,0.005178497,0.000175665,0.000277704,0,0
70,50,3,3,"list(1554563220, 1554649680, 1554735780, 1554822360, 1554910920, 1554994980) / list(0.048, 0.083, 0.136, 0.173, 0.203, 0.212)",1.925979094,0.012302709,NA,23174978.89,54265728.67,80136708.34,44185971.31,2466986.622,15205881.21,1773799.657,1062828.31,38926.37842,59494.3619,0,0,YZ,0.104217489,0.244032066,0.360373425,0.198703567,0.011093997,0.068380591,0.007976747,0.004779521,0.000175051,0.000267545,0,0
70,50,3,4,"list(1554563220, 1554649680, 1554735780, 1554822360, 1554910920, 1554994980) / list(0.048, 0.095, 0.141, 0.178, 0.208, 0.226)",2.038194089,0.012277786,NA,16503553.89,45126748.7,73014193.39,42945758.13,2288832.997,16602093.6,1744546.273,1153042.786,36172.88844,64316.81663,0,0,YZ,0.082733182,0.22622276,0.366023985,0.21528934,0.01147404,0.083227167,0.008745502,0.005780264,0.000181337,0.000322424,0,0
70,50,3,5,"list(1554563220, 1554649680, 1554735780, 1554822360, 1554910920, 1554994980) / list(0.052, 0.092, 0.143, 0.176, 0.201, 0.212)",1.996377623,0.011384523,NA,20779595.45,50863490.11,78222132.37,45765589.65,2390553.694,17802742.19,1902868.567,1217982.434,42462.75506,70117.92583,0,0,YZ,0.094859076,0.232192378,0.357084874,0.208920408,0.010912903,0.081269709,0.008686615,0.005560103,0.000193843,0.000320089,0,0
70,61,3,1,"list(1556813040, 1556877720, 1556913900, 1556959020, 1556999040, 1557045720, 1557084480, 1557136560) / list(0.046, 0.081, 0.114, 0.147, 0.171, 0.191, 0.213, 0.237)",2.119540583,0.022231337,NA,12444515.46,38593130.17,66851574.09,40729335.35,2024426.211,17979658.27,1476896.443,1078475.449,23684.21298,43749.30121,0,0,YZ,0.068661121,0.212932966,0.36884554,0.224719222,0.011169529,0.099200608,0.008148599,0.005950359,0.000130675,0.000241382,0,0
70,61,3,2,"list(1556813040, 1556877720, 1556913900, 1556959020, 1556999040, 1557045720, 1557084480, 1557136560) / list(0.048, 0.083, 0.116, 0.14, 0.172, 0.192, 0.212, 0.232)",2.078164371,0.021505714,NA,12800432.38,38785854.54,66023263.08,39447550.26,1867921.592,15591584.7,1364110.273,918369.4641,23372.24356,39738.70033,0,0,YZ,0.072375174,0.219299857,0.37330342,0.223041164,0.010561452,0.088156683,0.007712843,0.005192571,0.000132149,0.000224687,0,0
70,61,3,3,"list(1556813040, 1556877720, 1556913900, 1556959020, 1556999040, 1557045720, 1557084480, 1557136560) / list(0.044, 0.077, 0.105, 0.134, 0.161, 0.182, 0.204, 0.223)",2.051342303,0.022082611,NA,13890150.83,42207386.8,69220647.25,40599936.15,2142905.359,15119283.12,1584035.025,1028274.999,32299.38561,49932.62297,0,0,YZ,0.074728511,0.227074219,0.372404587,0.218426193,0.011528754,0.081341198,0.008522051,0.005532082,0.00017377,0.000268636,0,0
70,61,3,4,"list(1556813040, 1556877720, 1556913900, 1556959020, 1556999040, 1557045720, 1557084480, 1557136560) / list(0.045, 0.084, 0.113, 0.137, 0.165, 0.187, 0.203, 0.227)",1.989796951,0.021666944,NA,14684814.12,39389649.42,64179453.13,35486575.94,934189.78,12808265.88,1223801.497,770661.9745,25265.70037,39187.56307,0,0,YZ,0.086614678,0.232329929,0.378546344,0.209308633,0.005510083,0.075546331,0.007218285,0.004545556,0.000149023,0.000231138,0,0
70,61,3,5,"list(1556813040, 1556877720, 1556913900, 1556959020, 1556999040, 1557045720, 1557084480, 1557136560) / list(0.04, 0.074, 0.119, 0.143, 0.186, 0.214, 0.236, 0.274)",2.12053039,0.026144013,NA,12201306.06,35776376.95,64474643.29,39283511.35,1187144.621,16651825.24,1668880.693,1192798.184,27961.22629,49452.67479,0,0,YZ,0.07072651,0.207382575,0.373735932,0.227712151,0.006881443,0.096524542,0.009673891,0.006914215,0.000162081,0.000286659,0,0
70,75,3,1,"list(1551654000, 1551683700, 1551711600, 1551740400, 1551769800, 1551798000, 1551826800, 1551856500, 1551884400, 1551913200, 1551942900, 1551970800, 1551999600, 1552029300) / list(0.056, 0.072, 0.108, 0.152, 0.203, 0.24, 0.278, 0.322, 0.358, 0.387, 0.431, 0.462, 0.489, 0.5)",2.382161467,0.038339391,NA,6469211.406,21998012.54,49401047.93,35889791.98,1348544.127,19702219.01,1910675.81,2385660.824,40705.46988,102105.2359,0,0,YZ,0.046458208,0.157977253,0.354770317,0.257740137,0.009684479,0.141490166,0.01372139,0.017132463,0.000292324,0.000733262,0,0
70,75,3,2,"list(1551654000, 1551683700, 1551711600, 1551740400, 1551769800, 1551798000, 1551826800, 1551856500, 1551884400, 1551913200, 1551942900, 1551970800, 1551999600, 1552029300) / list(0.052, 0.071, 0.103, 0.15, 0.193, 0.241, 0.273, 0.321, 0.351, 0.392, 0.425, 0.459, 0.473, 0.506)",2.382527419,0.039471016,NA,6393523.418,22290036.85,51299901.58,36710470.77,1262603.612,20770883.76,1800609.071,2042343.901,32550.37537,79024.53305,0,0,YZ,0.044809617,0.156221843,0.359540239,0.257288825,0.008849077,0.145574714,0.01261974,0.014313961,0.000228132,0.000553851,0,0
70,75,3,3,"list(1551654000, 1551683700, 1551711600, 1551740400, 1551769800, 1551798000, 1551826800, 1551856500, 1551884400, 1551913200, 1551942900, 1551970800, 1551999600, 1552029300) / list(0.052, 0.073, 0.101, 0.154, 0.199, 0.237, 0.273, 0.309, 0.327, 0.36, 0.405, 0.427, 0.462, 0.485)",2.349238692,0.039374131,NA,5418403.457,19146358.34,45454885.46,30470755.97,967584.3377,16676888.58,1339463.421,1494078.025,24060.86911,58332.82021,0,0,YZ,0.044761397,0.158167947,0.375502526,0.251718726,0.007993208,0.137767673,0.011065299,0.012342569,0.000198767,0.000481887,0,0
70,75,3,4,"list(1551654000, 1551683700, 1551711600, 1551740400, 1551769800, 1551798000, 1551826800, 1551856500, 1551884400, 1551913200, 1551942900, 1551970800, 1551999600, 1552029300) / list(0.054, 0.07, 0.106, 0.168, 0.21, 0.252, 0.29, 0.325, 0.358, 0.398, 0.429, 0.461, 0.489, 0.506)",2.449583545,0.040946424,NA,5544020.12,19144923.42,48939465.95,37654028.12,1299135.617,21131100.09,1980716.409,2212687.77,37525.73447,90890.91067,0,0,YZ,0.04016402,0.138696661,0.35454519,0.272787091,0.009411674,0.153085649,0.014349431,0.016029963,0.000271858,0.000658465,0,0
70,75,3,5,"list(1551654000, 1551683700, 1551711600, 1551740400, 1551769800, 1551798000, 1551826800, 1551856500, 1551884400, 1551913200, 1551942900, 1551970800, 1551999600, 1552029300) / list(0.054, 0.07, 0.109, 0.151, 0.181, 0.223, 0.253, 0.288, 0.328, 0.344, 0.376, 0.395, 0.428, 0.449)",2.247219523,0.036682497,NA,5478925.243,19438246.57,42761677.3,26859998.82,863541.6621,12256964.1,1059914.276,985978.9379,16378.31505,41850.54827,0,0,YZ,0.049915741,0.17709212,0.389580204,0.244707984,0.007867295,0.111667055,0.009656348,0.00898276,0.000149215,0.000381279,0,0
70,97,3,1,"list(1556813040, 1556877720, 1556913900, 1556959020, 1556999040, 1557045720, 1557084480, 1557136560) / list(0.049, 0.084, 0.172, 0.267, 0.388, 0.497, 0.58, 0.669)",2.442776346,0.037930468,NA,2662808.092,9401697.333,30987789.4,21190672.69,1684527.816,8146341.897,2198416.223,1717981.202,60671.31203,108436.8684,0,0,YZ,0.034068967,0.120288848,0.396469421,0.271121429,0.021552482,0.104227359,0.028127363,0.021980497,0.000776252,0.001387382,0,0
70,97,3,2,"list(1556813040, 1556877720, 1556913900, 1556959020, 1556999040, 1557045720, 1557084480, 1557136560) / list(0.051, 0.093, 0.197, 0.31, 0.438, 0.574, 0.65, 0.743)",2.431749445,0.039339044,NA,2642684.11,10364220.28,33992019.87,22453361.98,2197731.339,7334945.784,3068420.076,1920551.429,73323.6273,139422.8074,0,0,YZ,0.031390762,0.123109976,0.403769567,0.266709195,0.026105452,0.087127152,0.036447809,0.022813008,0.000870965,0.001656115,0,0
70,97,3,3,"list(1556813040, 1556877720, 1556913900, 1556959020, 1556999040, 1557045720, 1557084480, 1557136560) / list(0.05, 0.078, 0.173, 0.275, 0.396, 0.512, 0.586, 0.675)",2.442295497,0.038637075,NA,2537711.392,9046466.652,29222726.45,19696412.44,1753227.611,6995379.924,2499294.733,1862633.277,69953.09529,133557.0014,0,0,YZ,0.034378245,0.122552017,0.395878767,0.266826282,0.023750884,0.094766051,0.033857817,0.025232997,0.000947651,0.00180929,0,0
70,97,3,4,"list(1556813040, 1556877720, 1556913900, 1556959020, 1556999040, 1557045720, 1557084480, 1557136560) / list(0.051, 0.083, 0.15, 0.254, 0.375, 0.496, 0.581, 0.724)",2.429840439,0.037427969,NA,3001474.755,10328451.27,34044050.28,22695918.89,1831119.663,8163625.48,2626537.937,1981689.678,71162.96097,137777.8596,0,0,YZ,0.035360636,0.121680386,0.401075929,0.267382602,0.021572581,0.096176385,0.030943473,0.023346459,0.000838377,0.001623173,0,0
70,97,3,5,"list(1556813040, 1556877720, 1556913900, 1556959020, 1556999040, 1557045720, 1557084480, 1557136560) / list(0.051, 0.081, 0.16, 0.26, 0.356, 0.482, 0.558, 0.697)",2.44590471,0.036829456,NA,2902682.789,11857979.56,34765303.88,24661476.41,1909335.27,9523382.095,2674898.961,2110473.638,72013.25035,138677.9104,0,0,YZ,0.032032705,0.130859344,0.3836543,0.272152992,0.021070568,0.105095773,0.029518985,0.02329024,0.000794706,0.001530387,0,0
70,125,3,1,"list(1554449700, 1554475620, 1554504960, 1554534180, 1554563100, 1554591540, 1554621300, 1554649200) / list(0.054, 0.072, 0.098, 0.244, 0.379, 0.574, 0.685, 0.752)",2.891834265,0.060189577,NA,1588308.176,7240113.558,32235934.94,31612123.47,3037145.938,15818085.23,6956069.445,7291883.048,191276.2936,732968.8193,0,0,YZ,0.014885192,0.067852374,0.302106411,0.296260219,0.028463305,0.148242791,0.06519039,0.068337544,0.001792589,0.006869184,0,0
70,125,3,2,"list(1554449700, 1554475620, 1554504960, 1554534180, 1554563100, 1554591540, 1554621300, 1554649200) / list(0.055, 0.066, 0.093, 0.227, 0.354, 0.557, 0.672, 0.73)",2.953076669,0.061640047,NA,1447843.886,5903364.323,28411732.33,29952187.69,2978453.71,14173965.82,7101005.058,7852904.509,233796.8778,824615.3881,0,0,YZ,0.014642453,0.059702388,0.28733586,0.302914919,0.030121942,0.143345313,0.071814466,0.079418637,0.002364454,0.008339568,0,0
70,125,3,3,"list(1554449700, 1554475620, 1554504960, 1554534180, 1554563100, 1554591540, 1554621300, 1554649200) / list(0.057, 0.067, 0.101, 0.241, 0.362, 0.55, 0.661, 0.716)",2.991748021,0.059945011,NA,1059226.709,4797328.505,24244403,26376792.14,2533337.144,12457813.51,6370018.385,7342545.338,232720.2244,775713.2839,0,0,YZ,0.012289453,0.055659986,0.28129054,0.306031132,0.029392506,0.144539137,0.073906786,0.085190324,0.002700087,0.009000049,0,0
70,125,3,4,"list(1554449700, 1554475620, 1554504960, 1554534180, 1554563100, 1554591540, 1554621300, 1554649200) / list(0.058, 0.072, 0.106, 0.229, 0.351, 0.537, 0.667, 0.728)",2.936218485,0.058132828,NA,960461.506,3903332.493,20024732.84,20717638.96,1894325.758,9618557.644,4519682.958,5144822.88,152957.6232,558025.6026,0,0,YZ,0.014230211,0.057831827,0.296686715,0.306952822,0.028066356,0.142508681,0.066963684,0.076225766,0.002266222,0.008267715,0,0
70,125,3,5,"list(1554449700, 1554475620, 1554504960, 1554534180, 1554563100, 1554591540, 1554621300, 1554649200) / list(0.059, 0.073, 0.109, 0.244, 0.357, 0.546, 0.666, 0.727)",2.919157896,0.0575802,NA,1255149.195,5435712.722,26346573.45,27047678.2,2455385.419,12743512.68,5806293.605,6464072.31,195995.185,655528.7136,0,0,YZ,0.014197572,0.061485858,0.298018266,0.305948786,0.027773999,0.14414776,0.06567767,0.073118109,0.002216992,0.007414988,0,0
70,200,3,1,"list(1555313520, 1555340400, 1555365360, 1555397460, 1555425120, 1555452000, 1555483680) / list(0.057, 0.078, 0.137, 0.272, 0.402, 0.568, 0.707)",3.036081256,0.062962107,NA,475976.7599,2607265.47,17518597.6,22252911.09,1228854.743,15076557.32,2615518.041,4060269.778,58460.34082,205496.9662,0,0,YZ,0.007200869,0.039444313,0.265032102,0.336655704,0.018590869,0.228087417,0.039569163,0.061426255,0.000884424,0.003108884,0,0
70,200,3,2,"list(1555313520, 1555340400, 1555365360, 1555397460, 1555425120, 1555452000, 1555483680) / list(0.056, 0.081, 0.144, 0.285, 0.451, 0.609, 0.733)",2.94198619,0.06540145,NA,1078593.305,5228270.179,27300532.53,31730322.09,1772816.567,19154368.7,3999025.202,5589129.548,80210.88366,305859.8244,0,0,YZ,0.01120743,0.054325826,0.283673937,0.329702923,0.018420954,0.199028908,0.041553007,0.058075438,0.000833454,0.003178123,0,0
70,200,3,3,"list(1555313520, 1555340400, 1555365360, 1555397460, 1555425120, 1555452000, 1555483680) / list(0.058, 0.084, 0.151, 0.284, 0.427, 0.608, 0.734)",3.153914054,0.063495232,NA,706834.1529,3173295.671,22226389.05,30929298.15,1583081.089,23641874.52,4471566.836,7822938.725,99244.94882,458290.9919,0,0,YZ,0.007431534,0.033363493,0.233684486,0.325185396,0.016644246,0.24856666,0.047013295,0.082249051,0.001043445,0.004818394,0,0
70,200,3,4,"list(1555313520, 1555340400, 1555365360, 1555397460, 1555425120, 1555452000, 1555483680) / list(0.058, 0.079, 0.146, 0.284, 0.427, 0.628, 0.762)",3.083237021,0.058628037,NA,735188.1032,3554899.484,24142994.65,33052987.68,1432694.245,23629817.97,3981284.549,6399150.587,75323.21626,333472.4739,0,0,YZ,0.007552955,0.036521259,0.24803305,0.339569862,0.014718784,0.24276093,0.040901726,0.065741672,0.000773833,0.003425929,0,0
70,200,3,5,"list(1555313520, 1555340400, 1555365360, 1555397460, 1555425120, 1555452000, 1555483680) / list(0.059, 0.082, 0.147, 0.276, 0.42, 0.574, 0.7)",3.029444245,0.06221719,NA,618244.8357,2972642.013,19496578.38,24797505.27,1442034.913,16069177.31,3156327.622,4637502.591,68182.82574,274949.6994,0,0,YZ,0.008407703,0.040425879,0.265140003,0.337228948,0.019610679,0.218529715,0.042923876,0.063066833,0.000927239,0.003739126,0,0
70,300,3,1,"list(1556004780, 1556031420, 1556059500, 1556088600, 1556117400, 1556141100) / list(0.062, 0.098, 0.193, 0.286, 0.492, 0.631)",2.787860162,0.062652642,NA,932479.9237,5613107.511,30974590.46,31439880.87,921226.6792,19373113.68,1614059.509,2043862.526,17929.85559,53945.00206,0,0,YZ,0.01002837,0.060366253,0.333116721,0.338120694,0.009907347,0.208348456,0.017358428,0.021980752,0.000192827,0.000580152,0,0
70,300,3,2,"list(1556004780, 1556031420, 1556059500, 1556088600, 1556117400, 1556141100) / list(0.063, 0.1, 0.189, 0.291, 0.481, 0.617)",2.832462255,0.061605837,NA,961914.8496,5980241.737,33520293.46,33596529.88,1062380.111,23969240.25,1859257.301,2472624.945,19899.7655,70234.70576,0,0,YZ,0.00929273,0.057773071,0.323828094,0.324564588,0.010263291,0.231558635,0.017961649,0.023887184,0.000192245,0.000678513,0,0
70,300,3,3,"list(1556004780, 1556031420, 1556059500, 1556088600, 1556117400, 1556141100) / list(0.062, 0.101, 0.201, 0.303, 0.523, 0.654)",2.77734213,0.063744808,NA,1140500.617,6747977.52,33671241.89,33458935.89,955552.2166,21681592.62,1779003.47,2140368.192,19000.84677,58530.0762,0,0,YZ,0.01121958,0.066382667,0.331238037,0.329149494,0.009400165,0.213290861,0.017500798,0.021055694,0.000186919,0.000575785,0,0
70,300,3,4,"list(1556004780, 1556031420, 1556059500, 1556088600, 1556117400, 1556141100) / list(0.062, 0.096, 0.19, 0.282, 0.48, 0.62)",2.768037167,0.062284756,NA,1283972.87,7908975.929,38086227.85,38684323.87,1057213.051,24536900.57,1833376.456,2181412.584,18084.37301,53877.59313,0,0,YZ,0.011102771,0.0683905,0.329339245,0.334511101,0.009141933,0.212175496,0.015853574,0.018863112,0.000156379,0.00046589,0,0
70,300,3,5,"list(1556004780, 1556031420, 1556059500, 1556088600, 1556117400, 1556141100) / list(0.063, 0.099, 0.2, 0.295, 0.49, 0.621)",2.770258675,0.061890911,NA,1094446.852,5804620.802,30133668.38,29842155.02,894258.0814,18646068.88,1566963.427,1973138.285,16851.9847,50441.11521,0,0,YZ,0.012157466,0.064479586,0.334734434,0.331496211,0.009933705,0.207126502,0.017406331,0.021918252,0.000187197,0.000560316,0,0
